{"stats":{"minecraft:custom":{"minecraft:time_since_rest":153761,"minecraft:sprint_one_cm":99266,"minecraft:open_enderchest":3,"minecraft:walk_one_cm":130502,"minecraft:drop":2,"minecraft:damage_dealt":18,"minecraft:fly_one_cm":1528928,"minecraft:crouch_one_cm":17157,"minecraft:play_time":160038,"minecraft:deaths":3,"minecraft:sneak_time":8631,"minecraft:jump":297,"minecraft:leave_game":18,"minecraft:time_since_death":153761,"minecraft:total_world_time":228349},"minecraft:used":{"minecraft:shroomlight":61,"minecraft:glass":23,"minecraft:stone_brick_slab":11,"minecraft:black_concrete":28,"minecraft:black_wool":2,"minecraft:jigsaw":4,"minecraft:command_block":10,"minecraft:light_gray_concrete":944,"minecraft:lantern":4,"minecraft:grass_block":60,"minecraft:polished_andesite":9,"minecraft:brown_wool":2,"minecraft:lime_wool":1,"minecraft:oak_sign":17,"minecraft:blue_wool":2,"minecraft:ender_chest":3,"minecraft:stone":1366,"minecraft:zombie_spawn_egg":3,"minecraft:redstone_block":1,"minecraft:deepslate":56,"minecraft:structure_block":51,"minecraft:stone_brick_stairs":37,"minecraft:stone_bricks":676,"minecraft:bedrock":2,"minecraft:white_wool":6,"minecraft:chiseled_stone_bricks":10,"minecraft:torch":2,"minecraft:dirt":93,"minecraft:cobblestone":18,"minecraft:orange_wool":5,"minecraft:repeating_command_block":3,"minecraft:stone_brick_wall":2,"minecraft:gray_wool":7,"minecraft:smooth_stone":105},"minecraft:dropped":{"minecraft:black_concrete":1,"minecraft:black_wool":1},"minecraft:picked_up":{"minecraft:black_concrete":1}},"DataVersion":4189}