{"stats":{"minecraft:custom":{"minecraft:jump":86,"minecraft:time_since_rest":32999,"minecraft:open_enderchest":1,"minecraft:crouch_one_cm":3926,"minecraft:leave_game":3,"minecraft:play_time":39276,"minecraft:sprint_one_cm":19537,"minecraft:time_since_death":32999,"minecraft:walk_one_cm":32359,"minecraft:deaths":3,"minecraft:sneak_time":2249,"minecraft:total_world_time":40002,"minecraft:drop":1,"minecraft:fly_one_cm":509955},"minecraft:used":{"minecraft:shroomlight":59,"minecraft:repeating_command_block":1,"minecraft:glass":20,"minecraft:black_concrete":27,"minecraft:ender_chest":3,"minecraft:light_gray_concrete":944,"minecraft:structure_block":48},"minecraft:dropped":{"minecraft:black_concrete":1},"minecraft:picked_up":{"minecraft:black_concrete":1}},"DataVersion":4189}