{"stats":{"minecraft:custom":{"minecraft:time_since_rest":54874,"minecraft:crouch_one_cm":6240,"minecraft:sprint_one_cm":24564,"minecraft:play_time":61151,"minecraft:open_enderchest":3,"minecraft:deaths":3,"minecraft:walk_one_cm":49706,"minecraft:sneak_time":3088,"minecraft:drop":1,"minecraft:jump":142,"minecraft:damage_dealt":18,"minecraft:leave_game":16,"minecraft:time_since_death":54874,"minecraft:total_world_time":129379,"minecraft:fly_one_cm":795974},"minecraft:used":{"minecraft:structure_block":48,"minecraft:shroomlight":61,"minecraft:glass":23,"minecraft:black_concrete":28,"minecraft:jigsaw":4,"minecraft:command_block":10,"minecraft:light_gray_concrete":944,"minecraft:polished_andesite":9,"minecraft:oak_sign":4,"minecraft:repeating_command_block":3,"minecraft:ender_chest":3,"minecraft:zombie_spawn_egg":3,"minecraft:redstone_block":1},"minecraft:dropped":{"minecraft:black_concrete":1},"minecraft:picked_up":{"minecraft:black_concrete":1}},"DataVersion":4189}